{
  "equity": 94.720890552975,
  "equity_curve": [
    100.0,
    100.0,
    100.0,
    100.0,
    100.0,
    100.0,
    100.0,
    100.0,
    100.0,
    104.23345790410787,
    104.23345790410787,
    104.23345790410787,
    104.23345790410787,
    104.23345790410787,
    104.23345790410787,
    104.23345790410787,
    104.23345790410787,
    104.23345790410787,
    106.5000129516155,
    106.5000129516155,
    106.5000129516155,
    106.5000129516155,
    106.5000129516155,
    105.02220720114751,
    105.02220720114751,
    105.02220720114751,
    105.02220720114751,
    105.02220720114751,
    105.02220720114751,
    105.02220720114751,
    105.02220720114751,
    102.84273049414988,
    102.84273049414988,
    102.84273049414988,
    102.84273049414988,
    102.84273049414988,
    102.84273049414988,
    102.84273049414988,
    102.84273049414988,
    102.84273049414988,
    102.84273049414988,
    102.84273049414988,
    102.84273049414988,
    102.84273049414988,
    102.84273049414988,
    102.84273049414988,
    102.84273049414988,
    102.84273049414988,
    102.84273049414988,
    102.84273049414988,
    102.84273049414988,
    102.84273049414988,
    102.84273049414988,
    102.84273049414988,
    102.84273049414988,
    102.84273049414988,
    102.84273049414988,
    102.84273049414988,
    102.84273049414988,
    102.84273049414988,
    102.84273049414988,
    102.32579931361678,
    102.32579931361678,
    102.32579931361678,
    102.32579931361678,
    101.8988145775299,
    101.8988145775299,
    101.8988145775299,
    101.8988145775299,
    101.8988145775299,
    101.8988145775299,
    101.8988145775299,
    101.8988145775299,
    101.8988145775299,
    101.8988145775299,
    101.8988145775299,
    101.8988145775299,
    101.8988145775299,
    101.8988145775299,
    101.8988145775299,
    101.8988145775299,
    101.8988145775299,
    101.8988145775299,
    101.8988145775299,
    101.8988145775299,
    101.8988145775299,
    101.8988145775299,
    101.8988145775299,
    101.8988145775299,
    101.8988145775299,
    101.8988145775299,
    101.8988145775299,
    101.8988145775299,
    101.8988145775299,
    101.8988145775299,
    101.8988145775299,
    101.8988145775299,
    101.8988145775299,
    101.8988145775299,
    101.8988145775299,
    101.8988145775299,
    101.8988145775299,
    101.8988145775299,
    101.8988145775299,
    101.8988145775299,
    101.8988145775299,
    101.8988145775299,
    101.8988145775299,
    101.8988145775299,
    101.8988145775299,
    101.8988145775299,
    101.8988145775299,
    101.8988145775299,
    101.8988145775299,
    101.8988145775299,
    101.8988145775299,
    101.8988145775299,
    101.8988145775299,
    101.8988145775299,
    101.8988145775299,
    101.8988145775299,
    101.8988145775299,
    101.8988145775299,
    101.8988145775299,
    101.8988145775299,
    101.8988145775299,
    101.8988145775299,
    101.8988145775299,
    100.99399093440908,
    100.99399093440908,
    100.99399093440908,
    100.99399093440908,
    100.99399093440908,
    100.99399093440908,
    100.99399093440908,
    100.99399093440908,
    100.99399093440908,
    100.99399093440908,
    100.99399093440908,
    100.99399093440908,
    100.99399093440908,
    100.99399093440908,
    100.99399093440908,
    100.99399093440908,
    100.99399093440908,
    100.99399093440908,
    100.99399093440908,
    100.99399093440908,
    100.99399093440908,
    100.99399093440908,
    100.99399093440908,
    100.99399093440908,
    100.99399093440908,
    100.99399093440908,
    100.99399093440908,
    100.99399093440908,
    100.99399093440908,
    100.99399093440908,
    100.99399093440908,
    100.99399093440908,
    100.99399093440908,
    100.99399093440908,
    100.99399093440908,
    100.99399093440908,
    100.99399093440908,
    100.99399093440908,
    100.99399093440908,
    100.99399093440908,
    100.99399093440908,
    100.99399093440908,
    100.99399093440908,
    100.99399093440908,
    100.99399093440908,
    100.99399093440908,
    100.99399093440908,
    100.99399093440908,
    100.99399093440908,
    100.99399093440908,
    100.99399093440908,
    100.99399093440908,
    100.99399093440908,
    100.99399093440908,
    100.99399093440908,
    100.99399093440908,
    100.99399093440908,
    100.99399093440908,
    100.99399093440908,
    100.99399093440908,
    100.99399093440908,
    100.99399093440908,
    100.99399093440908,
    100.99399093440908,
    100.99399093440908,
    100.99399093440908,
    100.99399093440908,
    100.99399093440908,
    100.99399093440908,
    100.99399093440908,
    100.99399093440908,
    100.99399093440908,
    100.99399093440908,
    100.99399093440908,
    100.99399093440908,
    100.99399093440908,
    100.99399093440908,
    100.99399093440908,
    100.99399093440908,
    100.99399093440908,
    100.99399093440908,
    100.99399093440908,
    100.99399093440908,
    100.99399093440908,
    100.99399093440908,
    100.99399093440908,
    100.99399093440908,
    100.99399093440908,
    100.99399093440908,
    100.99399093440908,
    100.99399093440908,
    101.19117119571195,
    101.19117119571195,
    101.19117119571195,
    98.2591545392951,
    95.17077483386713,
    95.17077483386713
  ],
  "last_attempted_candle": "2026-04-29T15:00:00+00:00",
  "last_processed_candle": "2026-04-29T15:00:00+00:00",
  "max_drawdown": -0.11060207479967088,
  "peak_equity": 106.5000129516155,
  "positions": {
    "DOGEUSDT": {
      "adds": 0,
      "avg_entry": 0.10464184,
      "entry": 0.10464184,
      "extreme": 0.1076,
      "risk": 0.6946213409414806,
      "size": 222.69284707964025,
      "stop": 0.10152264982370723
    },
    "FILUSDT": {
      "adds": 1,
      "avg_entry": 0.92176856,
      "entry": 0.92176856,
      "extreme": 0.9754,
      "risk": 0.8540800903717845,
      "size": 39.91365852915961,
      "stop": 0.9003703689585092
    }
  },
  "risk_multiplier": 0.75,
  "trade_count": 18
}