{
  "equity": 101.19117119571195,
  "equity_curve": [
    100.0,
    100.0,
    100.0,
    100.0,
    100.0,
    100.0,
    100.0,
    100.0,
    100.0,
    104.23345790410787,
    104.23345790410787,
    104.23345790410787,
    104.23345790410787,
    104.23345790410787,
    104.23345790410787,
    104.23345790410787,
    104.23345790410787,
    104.23345790410787,
    106.5000129516155,
    106.5000129516155,
    106.5000129516155,
    106.5000129516155,
    106.5000129516155,
    105.02220720114751,
    105.02220720114751,
    105.02220720114751,
    105.02220720114751,
    105.02220720114751,
    105.02220720114751,
    105.02220720114751,
    105.02220720114751,
    102.84273049414988,
    102.84273049414988,
    102.84273049414988,
    102.84273049414988,
    102.84273049414988,
    102.84273049414988,
    102.84273049414988,
    102.84273049414988,
    102.84273049414988,
    102.84273049414988,
    102.84273049414988,
    102.84273049414988,
    102.84273049414988,
    102.84273049414988,
    102.84273049414988,
    102.84273049414988,
    102.84273049414988,
    102.84273049414988,
    102.84273049414988,
    102.84273049414988,
    102.84273049414988,
    102.84273049414988,
    102.84273049414988,
    102.84273049414988,
    102.84273049414988,
    102.84273049414988,
    102.84273049414988,
    102.84273049414988,
    102.84273049414988,
    102.84273049414988,
    102.32579931361678,
    102.32579931361678,
    102.32579931361678,
    102.32579931361678,
    101.8988145775299,
    101.8988145775299,
    101.8988145775299,
    101.8988145775299,
    101.8988145775299,
    101.8988145775299,
    101.8988145775299,
    101.8988145775299,
    101.8988145775299,
    101.8988145775299,
    101.8988145775299,
    101.8988145775299,
    101.8988145775299,
    101.8988145775299,
    101.8988145775299,
    101.8988145775299,
    101.8988145775299,
    101.8988145775299,
    101.8988145775299,
    101.8988145775299,
    101.8988145775299,
    101.8988145775299,
    101.8988145775299,
    101.8988145775299,
    101.8988145775299,
    101.8988145775299,
    101.8988145775299,
    101.8988145775299,
    101.8988145775299,
    101.8988145775299,
    101.8988145775299,
    101.8988145775299,
    101.8988145775299,
    101.8988145775299,
    101.8988145775299,
    101.8988145775299,
    101.8988145775299,
    101.8988145775299,
    101.8988145775299,
    101.8988145775299,
    101.8988145775299,
    101.8988145775299,
    101.8988145775299,
    101.8988145775299,
    101.8988145775299,
    101.8988145775299,
    101.8988145775299,
    101.8988145775299,
    101.8988145775299,
    101.8988145775299,
    101.8988145775299,
    101.8988145775299,
    101.8988145775299,
    101.8988145775299,
    101.8988145775299,
    101.8988145775299,
    101.8988145775299,
    101.8988145775299,
    101.8988145775299,
    101.8988145775299,
    101.8988145775299,
    101.8988145775299,
    101.8988145775299,
    100.99399093440908,
    100.99399093440908,
    100.99399093440908,
    100.99399093440908,
    100.99399093440908,
    100.99399093440908,
    100.99399093440908,
    100.99399093440908,
    100.99399093440908,
    100.99399093440908,
    100.99399093440908,
    100.99399093440908,
    100.99399093440908,
    100.99399093440908,
    100.99399093440908,
    100.99399093440908,
    100.99399093440908,
    100.99399093440908,
    100.99399093440908,
    100.99399093440908,
    100.99399093440908,
    100.99399093440908,
    100.99399093440908,
    100.99399093440908,
    100.99399093440908,
    100.99399093440908,
    100.99399093440908,
    100.99399093440908,
    100.99399093440908,
    100.99399093440908,
    100.99399093440908,
    100.99399093440908,
    100.99399093440908,
    100.99399093440908,
    100.99399093440908,
    100.99399093440908,
    100.99399093440908,
    100.99399093440908,
    100.99399093440908,
    100.99399093440908,
    100.99399093440908,
    100.99399093440908,
    100.99399093440908,
    100.99399093440908,
    100.99399093440908,
    100.99399093440908,
    100.99399093440908,
    100.99399093440908,
    100.99399093440908,
    100.99399093440908,
    100.99399093440908,
    100.99399093440908,
    100.99399093440908,
    100.99399093440908,
    100.99399093440908,
    100.99399093440908,
    100.99399093440908,
    100.99399093440908,
    100.99399093440908,
    100.99399093440908,
    100.99399093440908,
    100.99399093440908,
    100.99399093440908,
    100.99399093440908,
    100.99399093440908,
    100.99399093440908,
    100.99399093440908,
    100.99399093440908,
    100.99399093440908,
    100.99399093440908,
    100.99399093440908,
    100.99399093440908,
    100.99399093440908,
    100.99399093440908,
    100.99399093440908,
    100.99399093440908,
    100.99399093440908,
    100.99399093440908,
    100.99399093440908,
    100.99399093440908,
    100.99399093440908,
    100.99399093440908,
    100.99399093440908,
    100.99399093440908,
    100.99399093440908,
    100.99399093440908,
    100.99399093440908,
    100.99399093440908,
    100.99399093440908,
    100.99399093440908,
    100.99399093440908,
    101.19117119571195,
    101.19117119571195
  ],
  "last_attempted_candle": "2026-04-29T11:00:00+00:00",
  "last_processed_candle": "2026-04-29T11:00:00+00:00",
  "max_drawdown": -0.05169973096348716,
  "peak_equity": 106.5000129516155,
  "positions": {
    "APTUSDT": {
      "adds": 0,
      "avg_entry": 0.98959568,
      "entry": 0.98959568,
      "extreme": 1.009,
      "risk": 0.5395355346632265,
      "size": 23.969586750028153,
      "stop": 0.9670865086784464
    },
    "DOGEUSDT": {
      "adds": 0,
      "avg_entry": 0.10804319999999999,
      "entry": 0.10804319999999999,
      "extreme": 0.1116,
      "risk": 1.2247221813592277,
      "size": 445.4915770212471,
      "stop": 0.10529405221689653
    },
    "FILUSDT": {
      "adds": 0,
      "avg_entry": 0.9688874,
      "entry": 0.9688874,
      "extreme": 0.9909,
      "risk": 1.141714222786468,
      "size": 60.438988331045,
      "stop": 0.9499970404107079
    },
    "LTCUSDT": {
      "adds": 0,
      "avg_entry": 56.72268,
      "entry": 56.72268,
      "extreme": 57.69,
      "risk": 0.9975797909060161,
      "size": 1.6459706985851499,
      "stop": 56.11660615447922
    }
  },
  "risk_multiplier": 1.0,
  "trade_count": 15
}