{
  "equity": 93.53575387715928,
  "equity_curve": [
    100.0,
    100.0,
    100.0,
    100.0,
    100.0,
    100.0,
    100.0,
    100.0,
    100.0,
    104.23345790410787,
    104.23345790410787,
    104.23345790410787,
    104.23345790410787,
    104.23345790410787,
    104.23345790410787,
    104.23345790410787,
    104.23345790410787,
    104.23345790410787,
    106.5000129516155,
    106.5000129516155,
    106.5000129516155,
    106.5000129516155,
    106.5000129516155,
    105.02220720114751,
    105.02220720114751,
    105.02220720114751,
    105.02220720114751,
    105.02220720114751,
    105.02220720114751,
    105.02220720114751,
    105.02220720114751,
    102.84273049414988,
    102.84273049414988,
    102.84273049414988,
    102.84273049414988,
    102.84273049414988,
    102.84273049414988,
    102.84273049414988,
    102.84273049414988,
    102.84273049414988,
    102.84273049414988,
    102.84273049414988,
    102.84273049414988,
    102.84273049414988,
    102.84273049414988,
    102.84273049414988,
    102.84273049414988,
    102.84273049414988,
    102.84273049414988,
    102.84273049414988,
    102.84273049414988,
    102.84273049414988,
    102.84273049414988,
    102.84273049414988,
    102.84273049414988,
    102.84273049414988,
    102.84273049414988,
    102.84273049414988,
    102.84273049414988,
    102.84273049414988,
    102.84273049414988,
    102.32579931361678,
    102.32579931361678,
    102.32579931361678,
    102.32579931361678,
    101.8988145775299,
    101.8988145775299,
    101.8988145775299,
    101.8988145775299,
    101.8988145775299,
    101.8988145775299,
    101.8988145775299,
    101.8988145775299,
    101.8988145775299,
    101.8988145775299,
    101.8988145775299,
    101.8988145775299,
    101.8988145775299,
    101.8988145775299,
    101.8988145775299,
    101.8988145775299,
    101.8988145775299,
    101.8988145775299,
    101.8988145775299,
    101.8988145775299,
    101.8988145775299,
    101.8988145775299,
    101.8988145775299,
    101.8988145775299,
    101.8988145775299,
    101.8988145775299,
    101.8988145775299,
    101.8988145775299,
    101.8988145775299,
    101.8988145775299,
    101.8988145775299,
    101.8988145775299,
    101.8988145775299,
    101.8988145775299,
    101.8988145775299,
    101.8988145775299,
    101.8988145775299,
    101.8988145775299,
    101.8988145775299,
    101.8988145775299,
    101.8988145775299,
    101.8988145775299,
    101.8988145775299,
    101.8988145775299,
    101.8988145775299,
    101.8988145775299,
    101.8988145775299,
    101.8988145775299,
    101.8988145775299,
    101.8988145775299,
    101.8988145775299,
    101.8988145775299,
    101.8988145775299,
    101.8988145775299,
    101.8988145775299,
    101.8988145775299,
    101.8988145775299,
    101.8988145775299,
    101.8988145775299,
    101.8988145775299,
    101.8988145775299,
    101.8988145775299,
    101.8988145775299,
    100.99399093440908,
    100.99399093440908,
    100.99399093440908,
    100.99399093440908,
    100.99399093440908,
    100.99399093440908,
    100.99399093440908,
    100.99399093440908,
    100.99399093440908,
    100.99399093440908,
    100.99399093440908,
    100.99399093440908,
    100.99399093440908,
    100.99399093440908,
    100.99399093440908,
    100.99399093440908,
    100.99399093440908,
    100.99399093440908,
    100.99399093440908,
    100.99399093440908,
    100.99399093440908,
    100.99399093440908,
    100.99399093440908,
    100.99399093440908,
    100.99399093440908,
    100.99399093440908,
    100.99399093440908,
    100.99399093440908,
    100.99399093440908,
    100.99399093440908,
    100.99399093440908,
    100.99399093440908,
    100.99399093440908,
    100.99399093440908,
    100.99399093440908,
    100.99399093440908,
    100.99399093440908,
    100.99399093440908,
    100.99399093440908,
    100.99399093440908,
    100.99399093440908,
    100.99399093440908,
    100.99399093440908,
    100.99399093440908,
    100.99399093440908,
    100.99399093440908,
    100.99399093440908,
    100.99399093440908,
    100.99399093440908,
    100.99399093440908,
    100.99399093440908,
    100.99399093440908,
    100.99399093440908,
    100.99399093440908,
    100.99399093440908,
    100.99399093440908,
    100.99399093440908,
    100.99399093440908,
    100.99399093440908,
    100.99399093440908,
    100.99399093440908,
    100.99399093440908,
    100.99399093440908,
    100.99399093440908,
    100.99399093440908,
    100.99399093440908,
    100.99399093440908,
    100.99399093440908,
    100.99399093440908,
    100.99399093440908,
    100.99399093440908,
    100.99399093440908,
    100.99399093440908,
    100.99399093440908,
    100.99399093440908,
    100.99399093440908,
    100.99399093440908,
    100.99399093440908,
    100.99399093440908,
    100.99399093440908,
    100.99399093440908,
    100.99399093440908,
    100.99399093440908,
    100.99399093440908,
    100.99399093440908,
    100.99399093440908,
    100.99399093440908,
    100.99399093440908,
    100.99399093440908,
    100.99399093440908,
    100.99399093440908,
    101.19117119571195,
    101.19117119571195,
    101.19117119571195,
    98.2591545392951,
    95.17077483386713,
    95.17077483386713,
    94.720890552975,
    94.1515620459719,
    94.1515620459719,
    93.53575387715928,
    93.53575387715928,
    93.53575387715928,
    93.53575387715928,
    93.53575387715928,
    93.53575387715928,
    93.53575387715928,
    93.53575387715928,
    93.53575387715928,
    93.53575387715928,
    93.53575387715928,
    93.53575387715928,
    93.53575387715928,
    93.53575387715928,
    93.53575387715928,
    93.53575387715928,
    93.53575387715928,
    93.53575387715928,
    93.53575387715928,
    93.53575387715928,
    93.53575387715928,
    93.53575387715928,
    93.53575387715928,
    93.53575387715928,
    93.53575387715928,
    93.53575387715928,
    93.53575387715928,
    93.53575387715928,
    93.53575387715928,
    93.53575387715928,
    93.53575387715928,
    93.53575387715928,
    93.53575387715928,
    93.53575387715928,
    93.53575387715928,
    93.53575387715928,
    93.53575387715928,
    93.53575387715928,
    93.53575387715928,
    93.53575387715928,
    93.53575387715928,
    93.53575387715928,
    93.53575387715928,
    93.53575387715928,
    93.53575387715928,
    93.53575387715928,
    93.53575387715928,
    93.53575387715928,
    93.53575387715928,
    93.53575387715928,
    93.53575387715928,
    93.53575387715928,
    93.53575387715928,
    93.53575387715928,
    93.53575387715928,
    93.53575387715928,
    93.53575387715928,
    93.53575387715928,
    93.53575387715928,
    93.53575387715928,
    93.53575387715928,
    93.53575387715928,
    93.53575387715928,
    93.53575387715928,
    93.53575387715928,
    93.53575387715928,
    93.53575387715928,
    93.53575387715928,
    93.53575387715928,
    93.53575387715928,
    93.53575387715928,
    93.53575387715928,
    93.53575387715928,
    93.53575387715928,
    93.53575387715928,
    93.53575387715928,
    93.53575387715928,
    93.53575387715928,
    93.53575387715928,
    93.53575387715928,
    93.53575387715928,
    93.53575387715928,
    93.53575387715928,
    93.53575387715928,
    93.53575387715928,
    93.53575387715928,
    93.53575387715928,
    93.53575387715928,
    93.53575387715928,
    93.53575387715928,
    93.53575387715928,
    93.53575387715928,
    93.53575387715928,
    93.53575387715928,
    93.53575387715928,
    93.53575387715928,
    93.53575387715928,
    93.53575387715928,
    93.53575387715928
  ],
  "last_attempted_candle": "2026-05-03T21:00:00+00:00",
  "last_processed_candle": "2026-05-03T21:00:00+00:00",
  "max_drawdown": -0.12173011735074693,
  "peak_equity": 106.5000129516155,
  "positions": {
    "DOGEUSDT": {
      "adds": 0,
      "avg_entry": 0.10834331999999999,
      "entry": 0.10834331999999999,
      "extreme": 0.1105,
      "risk": 0.3427472041482758,