{
  "equity": 100.99399093440908,
  "equity_curve": [
    100.0,
    100.0,
    100.0,
    100.0,
    100.0,
    100.0,
    100.0,
    100.0,
    100.0,
    104.23345790410787,
    104.23345790410787,
    104.23345790410787,
    104.23345790410787,
    104.23345790410787,
    104.23345790410787,
    104.23345790410787,
    104.23345790410787,
    104.23345790410787,
    106.5000129516155,
    106.5000129516155,
    106.5000129516155,
    106.5000129516155,
    106.5000129516155,
    105.02220720114751,
    105.02220720114751,
    105.02220720114751,
    105.02220720114751,
    105.02220720114751,
    105.02220720114751,
    105.02220720114751,
    105.02220720114751,
    102.84273049414988,
    102.84273049414988,
    102.84273049414988,
    102.84273049414988,
    102.84273049414988,
    102.84273049414988,
    102.84273049414988,
    102.84273049414988,
    102.84273049414988,
    102.84273049414988,
    102.84273049414988,
    102.84273049414988,
    102.84273049414988,
    102.84273049414988,
    102.84273049414988,
    102.84273049414988,
    102.84273049414988,
    102.84273049414988,
    102.84273049414988,
    102.84273049414988,
    102.84273049414988,
    102.84273049414988,
    102.84273049414988,
    102.84273049414988,
    102.84273049414988,
    102.84273049414988,
    102.84273049414988,
    102.84273049414988,
    102.84273049414988,
    102.84273049414988,
    102.32579931361678,
    102.32579931361678,
    102.32579931361678,
    102.32579931361678,
    101.8988145775299,
    101.8988145775299,
    101.8988145775299,
    101.8988145775299,
    101.8988145775299,
    101.8988145775299,
    101.8988145775299,
    101.8988145775299,
    101.8988145775299,
    101.8988145775299,
    101.8988145775299,
    101.8988145775299,
    101.8988145775299,
    101.8988145775299,
    101.8988145775299,
    101.8988145775299,
    101.8988145775299,
    101.8988145775299,
    101.8988145775299,
    101.8988145775299,
    101.8988145775299,
    101.8988145775299,
    101.8988145775299,
    101.8988145775299,
    101.8988145775299,
    101.8988145775299,
    101.8988145775299,
    101.8988145775299,
    101.8988145775299,
    101.8988145775299,
    101.8988145775299,
    101.8988145775299,
    101.8988145775299,
    101.8988145775299,
    101.8988145775299,
    101.8988145775299,
    101.8988145775299,
    101.8988145775299,
    101.8988145775299,
    101.8988145775299,
    101.8988145775299,
    101.8988145775299,
    101.8988145775299,
    101.8988145775299,
    101.8988145775299,
    101.8988145775299,
    101.8988145775299,
    101.8988145775299,
    101.8988145775299,
    101.8988145775299,
    101.8988145775299,
    101.8988145775299,
    101.8988145775299,
    101.8988145775299,
    101.8988145775299,
    101.8988145775299,
    101.8988145775299,
    101.8988145775299,
    101.8988145775299,
    101.8988145775299,
    101.8988145775299,
    101.8988145775299,
    101.8988145775299,
    100.99399093440908,
    100.99399093440908,
    100.99399093440908,
    100.99399093440908,
    100.99399093440908,
    100.99399093440908,
    100.99399093440908,
    100.99399093440908,
    100.99399093440908,
    100.99399093440908,
    100.99399093440908,
    100.99399093440908,
    100.99399093440908,
    100.99399093440908,
    100.99399093440908,
    100.99399093440908,
    100.99399093440908,
    100.99399093440908,
    100.99399093440908,
    100.99399093440908,
    100.99399093440908,
    100.99399093440908,
    100.99399093440908,
    100.99399093440908,
    100.99399093440908,
    100.99399093440908,
    100.99399093440908,
    100.99399093440908,
    100.99399093440908,
    100.99399093440908,
    100.99399093440908,
    100.99399093440908,
    100.99399093440908,
    100.99399093440908,
    100.99399093440908,
    100.99399093440908,
    100.99399093440908,
    100.99399093440908,
    100.99399093440908,
    100.99399093440908,
    100.99399093440908,
    100.99399093440908,
    100.99399093440908,
    100.99399093440908,
    100.99399093440908,
    100.99399093440908,
    100.99399093440908,
    100.99399093440908,
    100.99399093440908,
    100.99399093440908,
    100.99399093440908,
    100.99399093440908,
    100.99399093440908,
    100.99399093440908,
    100.99399093440908,
    100.99399093440908,
    100.99399093440908,
    100.99399093440908,
    100.99399093440908,
    100.99399093440908,
    100.99399093440908,
    100.99399093440908,
    100.99399093440908,
    100.99399093440908,
    100.99399093440908,
    100.99399093440908,
    100.99399093440908,
    100.99399093440908,
    100.99399093440908,
    100.99399093440908,
    100.99399093440908,
    100.99399093440908,
    100.99399093440908,
    100.99399093440908,
    100.99399093440908,
    100.99399093440908,
    100.99399093440908,
    100.99399093440908,
    100.99399093440908,
    100.99399093440908,
    100.99399093440908,
    100.99399093440908,
    100.99399093440908,
    100.99399093440908,
    100.99399093440908,
    100.99399093440908,
    100.99399093440908,
    100.99399093440908,
    100.99399093440908,
    100.99399093440908
  ],
  "last_attempted_candle": "2026-04-29T08:00:00+00:00",
  "last_processed_candle": "2026-04-29T08:00:00+00:00",
  "max_drawdown": -0.05169973096348716,
  "peak_equity": 106.5000129516155,
  "positions": {
    "APTUSDT": {
      "adds": 0,
      "avg_entry": 0.98959568,
      "entry": 0.98959568,
      "extreme": 1.006,
      "risk": 0.5395355346632265,
      "size": 23.969586750028153,
      "stop": 0.9670865086784464
    },
    "DOGEUSDT": {
      "adds": 0,
      "avg_entry": 0.10724288,
      "entry": 0.10724288,
      "extreme": 0.106,
      "risk": 0.5353813965236184,
      "size": 270.94127499082276,
      "stop": 0.10526687469574449
    }
  },
  "risk_multiplier": 1.0,
  "trade_count": 12
}